url,prediction
https://247sports.com/college/ohio-state/Article/Ohio-State-Buckeyes-football-set-for-match-up-at-Maryland-124832226/,article
https://247sports.com/nfl/dallas-cowboys/Board/103087/Contents/Herschel-Walkers-son-is-male-cheerleader-71317989/,article
https://247sports.com/Player/Trayce-Jackson-Davis-46041487/,others
https://247sports.com/Team/Iowa-State-Cyclones-Football-29/Roster/,others
https://4wheelonline.com/XD-Series-TruckWheels.1180,others
https://academy.allaboutbirds.org/dance-moves-for-ducks-how-to-recognize-courtship-displays/,article
https://airdronecraze.com/best-drone-deals/,others
https://allspiceonline.com/shop,others
https://answers.microsoft.com/en-us/msoffice/forum/all/camera-audio-and-draw-question/2a7cab60-4327-4c28-af0b-48f9f27a6ac5,others
https://answers.yahoo.com/question/index?qid=20120411163702AArA9P6,others
https://apcentral.collegeboard.org/courses/ap-english-literature-and-composition/course,others
https://app.17track.net/,others
https://app.tophat.com/register/,others
https://apps.adp.com/apps/201217/wageworks,article
http://asianwiki.com/Yoon_Eun-Hye,others
https://atlasmikes.com/fish-attractants-scents/mikes-lunker-lotion/,others
https://benchmarks.ul.com/hardware/gpu/AMD+FirePro+V4900+review,others
https://bike-mayhem.en.uptodown.com/android,others
https://bismarcktribune.com/sports/corral-bar-looks-to-continue-mcquades-dynasty/article_d5cddd8b-499f-582c-881e-b108acd6c496.html,article
https://blog.saginfotech.com/gst-slab-rates-india,article
https://bloody-disgusting.com/news/3445316/heres-lovecraftian-monster-xavier-gens-cold-skin/,article
https://bobbybones.iheart.com/featured/bobby-bones/,others
https://boingboing.net/2018/05/24/worlds-largest-orgy-no-l.html,article
http://bradleyvet.vetstreet.com/services.html,others
https://brobible.com/life/article/54952/,others
https://buffalonews.com/2018/11/24/buffalo-sabres-nhl-power-rankings-evander-kane-auston-matthews/,article
https://bulbapedia.bulbagarden.net/wiki/Talk:Eeveelution,encyclopedia
https://businesstips.ph/small-business-ideas-philippines-2018/,article
https://cdlp.com/shop,others
https://chemeng.mst.edu/facultystaffandfacilities/porchy/,others
https://choppies.co.bw/,others
https://chwinery.com/wine-club/overview,others
https://commonhelp.virginia.gov/access/accessController?PAGE_ACTION=HomeApplyForBenefits&CURRENT_PAGE_ID=AGHME&VALID_GET=Y&SIGN_IN_CMB=N,others
https://community.asterisk.org/t/stopping-hackers-with-iptables/71689,others
https://community.sophos.com/products/unified-threat-management/f/web-protection-web-filtering-application-visibility-control/46145/unblocked-games---how-to-block-google-sites,others
https://community.spotify.com/t5/Android/Got-it-we-won-t-play-that-song-again/td-p/1457623,others
https://companyprofiles.justia.com/company/amazon,others
https://content.govdelivery.com/accounts/MIDOT/bulletins/2112392,others
https://context.reverso.net/translation/english-portuguese/,others
https://criminal-law.freeadvice.com/criminal-law/drug_crimes/meth-possession.htm,article
https://css-tricks.com/almanac/properties/e/empty-cells/,article
http://dailycelebritycrossword.com/close-a-deal-with-a-buyer-crossword-clue.html/,others
http://davidlipper.com/photos/,others
https://decider.com/movie/i-feel-pretty/,others
http://dedomil.net/games/940/screen/8,others
https://developer.mozilla.org/en-US/docs/Web/JavaScript/Reference/Global_Objects/JSON/stringify,article
https://dictionary.cambridge.org/dictionary/english/nothing,others
https://dictionary.cambridge.org/us/dictionary/english/defender,others
https://digitalprinciples.org/resource/howto-calculate-total-cost-enterprise-software/,article
https://discussions.apple.com/thread/8121096,others
https://divisible.info/LongDivision/How-to-calculate-135/divided-by-16-using-long-division.html,others
https://do617.com/,others
https://docs.microsoft.com/en-us/aspnet/core/signalr/configuration,others
https://download.cnet.com/USB-Audio-ASIO-driver/3000-2120_4-6405.html,others
https://driver-start.com/missouri/,others
https://easychem.com.au/monitoring-and-management/the-atmosphere/alternatives-to-cfcs/,others
https://economictimes.indiatimes.com/topic/EPFO,others
https://economictimes.indiatimes.com/topic/Priyanka-Chopra/photos,others
https://en.tripadvisor.com.hk/ShowUserReviews-g155019-d10716668-r478221104-Aerofleet_Services-Toronto_Ontario.html,others
https://en.wikipedia.org/wiki/American_Indian_Wars,encyclopedia
https://en.wikipedia.org/wiki/Attention_deficit_hyperactivity_disorder_predominantly_inattentive,encyclopedia
https://en.wikipedia.org/wiki/Body_Bags_(film),encyclopedia
https://en.wikipedia.org/wiki/Calcitriol_receptor,encyclopedia
https://en.wikipedia.org/wiki/Captain_Singleton,encyclopedia
"https://en.wikipedia.org/wiki/Carry_On_(Crosby,_Stills,_Nash_%26_Young_album)",encyclopedia
https://en.wikipedia.org/wiki/Category:Human_behavior,encyclopedia
https://en.wikipedia.org/wiki/Category:Irish_Travellers,encyclopedia
https://en.wikipedia.org/wiki/Celebrity_Ghost_Stories,encyclopedia
https://en.wikipedia.org/wiki/Chinese_characters_of_Empress_Wu,encyclopedia
https://en.wikipedia.org/wiki/Community_centre,encyclopedia
https://en.wikipedia.org/wiki/Culture_of_Kerala,encyclopedia
https://en.wikipedia.org/wiki/Da_Afghanistan_Bank,encyclopedia
https://en.wikipedia.org/wiki/Dance-rock,encyclopedia
https://en.wikipedia.org/wiki/Demographics_of_Peru,encyclopedia
https://en.wikipedia.org/wiki/Doctor_Sleep_(novel),encyclopedia
https://en.wikipedia.org/wiki/El_Padrino_(film),encyclopedia
https://en.wikipedia.org/wiki/Fast_%26_Furious_(2009_film),encyclopedia
https://en.wikipedia.org/wiki/Fire_sale,encyclopedia
https://en.wikipedia.org/wiki/Freeware,encyclopedia
https://en.wikipedia.org/wiki/Gang_Beasts,encyclopedia
https://en.wikipedia.org/wiki/Gary_Winnick_(game_developer),encyclopedia
https://en.wikipedia.org/wiki/Go-kart,encyclopedia
https://en.wikipedia.org/wiki/Harsh_Rajput,encyclopedia
https://en.wikipedia.org/wiki/India_women%27s_national_cricket_team,encyclopedia
https://en.wikipedia.org/wiki/Joseph_McBride_(writer),encyclopedia
https://en.wikipedia.org/wiki/Kalkaji_Mandir_metro_station,encyclopedia
https://en.wikipedia.org/wiki/Kamaal_the_Abstract,encyclopedia
https://en.wikipedia.org/wiki/Lafayette_High_School_(Virginia),encyclopedia
https://en.wikipedia.org/wiki/Lee_Latchford-Evans,encyclopedia
https://en.wikipedia.org/wiki/Life_in_Great_Britain_during_the_Industrial_Revolution,encyclopedia
https://en.wikipedia.org/wiki/List_of_Mexican_dishes,encyclopedia
https://en.wikipedia.org/wiki/Marilyn_Van_Derbur,encyclopedia
https://en.wikipedia.org/wiki/Mary_of_Burgundy,encyclopedia
https://en.wikipedia.org/wiki/Microsoft_India,encyclopedia
https://en.wikipedia.org/wiki/Miss_America_1994,encyclopedia
https://en.wikipedia.org/wiki/Nevermind,encyclopedia
https://en.wikipedia.org/wiki/Orlagh_Cassidy,encyclopedia
https://en.wikipedia.org/wiki/Outline_of_the_humanities,encyclopedia
https://en.wikipedia.org/wiki/Pareto_principle,encyclopedia
https://en.wikipedia.org/wiki/Paul_Gascoigne,encyclopedia
https://en.wikipedia.org/wiki/PC_Power_and_Cooling,encyclopedia
https://en.wikipedia.org/wiki/Putting-out_system,encyclopedia
"https://en.wikipedia.org/wiki/Queen_Elizabeth_Grammar_School,_Penrith",encyclopedia
https://en.wikipedia.org/wiki/Richard_Burke_Jr.,encyclopedia
https://en.wikipedia.org/wiki/Richard_Ruccolo,encyclopedia
https://en.wikipedia.org/wiki/Robert_McFarlane,encyclopedia
https://en.wikipedia.org/wiki/Romani_Mexicans,encyclopedia
https://en.wikipedia.org/wiki/SO2,encyclopedia
https://en.wikipedia.org/wiki/Sofiko_Chiaureli,encyclopedia
https://en.wikipedia.org/wiki/Studentized_range,encyclopedia
https://en.wikipedia.org/wiki/The_International_2018,encyclopedia
https://en.wikipedia.org/wiki/The_Return_of_%27Allo_%27Allo!,encyclopedia
https://en.wikipedia.org/wiki/Tupac_Shakur_discography,encyclopedia
https://en.wikipedia.org/wiki/Windows_7,encyclopedia
https://en.wikipedia.org/wiki/Yasmeen_Ismail,encyclopedia
https://en.wikiquote.org/wiki/The_Simpsons/Season_6,encyclopedia
https://en.wiktionary.org/wiki/hejo,encyclopedia
https://en.wiktionary.org/wiki/hypothesis,encyclopedia
https://engineering.careers360.com/articles/jee-advanced-result,others
https://estatesales.org/estate-sales/tx/huntsville,others
https://familyspice.com/kabob-heaven/,article
https://fileinfo.com/extension/mxml,others
https://film.avclub.com/the-coens-head-west-and-to-netflix-in-the-grimly-comi-1830267619,article
https://filmora.wondershare.com/video-editor/best-meme-generator-apps-ios-android.html,article
https://filmschoolrejects.com/movies-to-watch-ant-man-and-the-wasp/,article
https://firstyearhandbook.vassar.edu/registration/ask-banner.html,others
https://fontawesome.com/icons/weixin,others
https://fontmeme.com/cool-fonts/,others
https://footballpredictions.com/footballpredictions/coupedefrancepredictions/,others
http://foro.enfierrados.com/showthread.php?60376-luz-de-valvulas-clio-2-motor-k7m,others
https://forums.kleientertainment.com/forums/topic/97192-the-mostly-complete-hamlet-beta-food-guide-spoilers/,others
https://foursquare.com/v/romantix/50c8bc7ce4b01cf24b65dc5c,others
https://fox8.com/2018/11/14/ohio-house-passes-controversial-stand-your-ground-bill/,article
https://fxhome.com/forum/discussion/41100/my-hitfilm-4-express-is-acting-very-slow-and-freezing-alot-when-i-try-to-edit-video,article
https://gadgets.ndtv.com/mobiles/news/realme-u1-with-25-megapixel-selfie-camera-launched-in-india-price-specifications-1954540,article
https://gadgets.ndtv.com/sony-xperia-xz-3747,article
https://games.usatoday.com/games/outspell/,others
https://genius.com/Bubbles-i-have-a-dream-lyrics,others
https://genius.com/Mungo-jerry-in-the-summertime-lyrics,others
https://geology.com/records/biggest-tsunami.shtml,article
https://github.com/christiancosgrove/pytorch-spectral-normalization-gan,others
https://github.com/OAuthSwift/OAuthSwift/issues/20,others
https://globalfinishing.com/product/dust-collection-module/,others
https://go.payday.com.sg/,others
https://gojoebruin.com/2018/11/16/ucla-football-vs-usc-2018-gameday-info-tv-radio-live-stream/,article
https://greatnorthmuseum.org.uk/,others
https://groups.google.com/forum/?_escaped_fragment_=topic/node-red/gajiQCxZR_0,others
https://hertfordshire.su/your-events/,others
https://history.state.gov/milestones/1945-1952/kennan,article
https://house.fandom.com/wiki/Jurnee_Smollett,encyclopedia
https://icowatchlist.com/ico/gaxcoin,others
https://investorplace.com/2018/11/is-it-time-to-say-goodbye-to-general-electric-stock/,article
https://iris.geodis.com/,others
https://itstillworks.com/reinstall-facebook-iphone-app-14539.html,article
https://jalopnik.com/heres-proof-that-computers-and-all-wheel-drive-are-no-m-1830536284,article
https://kdvr.com/2018/11/29/girl-named-abcde-mocked-by-southwest-gate-agent-airline-apologizes/,article
https://kingofthehill.fandom.com/wiki/Happy_Hank%27s_Giving,others
https://kinjadeals.theinventory.com/everlane-is-letting-you-choose-what-you-pay-on-even-mor-1830739707,article
https://knowledge.autodesk.com/support/autocad-architecture/learn-explore/caas/CloudHelp/cloudhelp/2018/ENU/AutoCAD-Architecture/files/GUID-F6623BAC-3A9A-439D-8444-C0A0C95CA265-htm.html,article
https://kprofiles.com/cube-trainees-profile/,others
https://ldsgenealogy.com/TX/Lampasas-County-Cemetery-Records.htm,others
https://linux.die.net/man/1/ls,others
https://locations.boscovs.com/nj/toms-river/1201-hooper-avenue.html,others
https://mailexchangehotel.com.au/,others
https://marmaxproducts.co.uk/shop/fishing-wildlife/furniture/,others
http://marrieddivorce.com/tv-celebrity/what-lauren-layfield-s-age-married-husband-parents.html,others
http://mathforum.org/library/drmath/view/58499.html,others
https://me.me/t/fat-neck,others
https://metro.co.uk/2018/11/22/phillip-schofield-apologises-to-viewers-as-they-mock-theresa-may-for-pulling-out-of-this-morning-last-minute-8166584/,article
https://metro.co.uk/2018/11/25/rihanna-fans-tell-chris-brown-to-back-off-as-he-begins-commenting-on-singers-instagram-8175353/,article
https://minecraftcommand.science/commands/9114,others
http://mnzoo.org/press-room/minnesota-zoo-facts/,others
http://mpg.webix.co.uk/46-mpg-to-litres/,others
https://muffinbros.com/product/custom-center-gamecube-graphic-skin/,others
https://muranga.go.ke/,others
https://mydramalist.com/21100-the-one-who-escapes/cast,article
https://nameberry.com/nametalk/threads/78837-A-sister-for-Layla,others
https://nationaldaycalendar.com/calendar-at-a-glance/,others
https://nearsay.com/b/125572/2234/huntington/huntington/boat-covers-upholstery/north-shore-canvas,article
https://nesn.com/2018/11/harvard-vs-yale-crimsons-convincing-win-marred-by-tom-stewart-injury/,article
https://news.avclub.com/mark-hamill-says-he-pitched-george-lucas-on-boba-fett-b-1830542150,article
https://news.harvard.edu/gazette/story/2018/11/in-advance-of-the-game-a-look-at-harvards-long-history-at-fenway/,article
https://news.sky.com/story/pop-singer-empowers-women-by-unblocking-boundaries-of-technology-11569421,others
https://news.ycombinator.com/item?id=13556517,article
"http://ng.geoview.info/nacc_family_house,105103155p",others
https://nocorruption.in/party/telangana-rashtra-samithi/,others
https://nuts.com/driedfruit/apples/,others
https://nypost.com/2018/11/20/mistrial-declared-in-case-of-slain-queens-jogger-karina-vetrano/,article
http://olivetreewestcliff.co.uk/,others
http://onlineslangdictionary.com/meaning-definition-of/clean-up,others
https://pacificdistrict.ca/rbc-banking-information/,others
https://people.com/celebrity/mort-crim-real-life-ron-burgundy-sent-people-an-angry-letter-in-1983/,article
https://people.com/tv/nene-leakes-calls-husband-gregg-mean-cancer/,article
https://ph.priceprice.com/mobilephones/?maker=DOOGEE-450,others
https://physics.stackexchange.com/questions/192891/if-all-motion-is-relative-how-does-light-have-a-finite-speed,article
https://placesph.com/provinces/pampanga/cities/angeles/lbc-express-angeles,others
http://popeyethewelder.com/kite-buggy-questions-and-answers/harness-which-one,others
http://portal.yabatech.edu.ng/studentportal/login.php,others
https://postcodes-australia.com/areas/vic/north+west+melbourne/melton+south,others
https://prezi.com/jih_ytv_js1u/electoral-systems-in-germany/,others
https://products.office.com/en-us/yammer/yammer-overview,others
https://promo.meridianbet.co.tz/en/category/86/page/526,others
https://psa.gov.ph/content/population-lapu-lapu-city-increased-five-times-40-years-results-2010-census-population-and,article
https://python-markdown.github.io/extensions/tables/,others
https://quizlet.com/230864960/the-cosmic-perspective-chapter-5-flash-cards/,others
https://quizlet.com/3445571/18-powers-of-congress-flash-cards/,others
https://raisingchildren.net.au/school-age/nutrition-fitness/breakfast-lunches/healthy-lunches,article
https://readingswithmatt.com/numerology-333-spiritual-angel-meanings/,article
https://reflectiveteachingreflectivelearning.com/2014/03/26/holidays-a-song-brighton-in-the-rain-and-the-good-ol-present-perfect/,article
https://revenuebenefits.org.uk/tax-credits/guidance/how-to-deal-with-hmrc/dealing-with-debt/,article
https://rubygems.org/gems/letter_opener/versions/1.4.1,others
http://scalab.dimes.unical.it/lackovic/eclipse-tomcat-ubuntu-jersey/,article
http://scholar.google.dk/citations?user=g9HwFYAAAAAJ&hl=en,others
https://screenrant.com/lion-king-2019-trailer-release-date/,others
https://seeandsway.com/,others
https://seekingalpha.com/author/james-cordier,others
https://seo-michael.co.uk/how-to-install-magicality-kodi/,others
https://shewearsmanyhats.com/easy-french-onion-soup-recipe/,article
https://shop.advanceautoparts.com/c3/seat-covers/15487,others
https://shop.advanceautoparts.com/c4/alternator/-49999713,others
https://shotcut.org/resources/,others
https://signup.com/,others
https://siouxcityjournal.com/lifestyles/food-and-cooking/making-the-grade-western-iowa-tech-unveils-state-of-the/article_a78d795d-888d-5b57-b46a-5a95b339646a.html,article
http://sleepculture.com/relatives-dream-interpretation-and-meaning/,article
https://slideplayer.com/slide/5793049/,others
https://smartasset.com/taxes/tax-liability,article
http://sonoma.courts.ca.gov/online-services/tentative-rulings/civil-dept-16-law-motion,others
https://soundcloud.com/blank-realm/speedboat-on-a-river-of-blood,others
https://sports.yahoo.com/redskins-vp-doug-williams-allegations-reuben-foster-small-potatoes-213437010.html,article
https://stackoverflow.com/questions/38129394/format-a-calculated-field-as-date-sql-script-for-qlik-sense,article
https://stackoverflow.com/questions/39320952/how-to-get-location-in-fragment,article
https://stackoverflow.com/questions/50273662/amazon-cloudwatch-how-to-find-arn-of-cloudwatch-log-group,article
https://stepfeed.com/5-cases-you-didn-t-know-amal-clooney-worked-on-1538,article
https://store.google.com/au/product/google_home_mini_partners,others
https://stores.bestbuy.com/ca/tustin/2982-el-camino-real-774.html,others
https://stores.joann.com/wa/kent/354/,others
https://storymaps.esri.com/stories/terrorist-attacks/,others
https://strawberryplants.org/strawberry-conversions-substitutions-and-equivalents/,others
https://supertrimcoburg.com.au/shop/page/3/,others
https://swarajyamag.com/insta/indian-raliways-signs-contract-with-reliance-jio-expected-to-save-35-per-cent-in-costs,article
https://terrylove.com/forums/index.php?threads/hoseclamp-on-pex.16938/,others
https://tfl.gov.uk/tube/timetable/central/,others
https://thehockeywriters.com/nhl-rumors-december-1-2018/,article
https://thelawdictionary.org/public-property/,encyclopedia
https://themeforest.net/tags/vuejs,others
https://thepointsguy.com/guide/chase-freedom-unlimited-review/,article
https://tidbits-marci.com/lets-do-this/,others
https://timesofindia.indiatimes.com/city/delhi/two-yr-old-girl-kidnapped-raped-in-delhi-1-arrested/articleshow/66681427.cms,article
https://timesofislamabad.com/29-Jun-2018/pm-nasirul-mulk-appoints-close-relative-as-dg-intelligence-bureau,article
https://tiruvannamalai.nic.in/,article
https://topnine.co/,others
https://trailhead.salesforce.com/en/modules,others
https://transferwise.com/gb/currency-converter/sar-to-pkr-rate?amount=1000,others
https://twitter.com/bgcengineering,others
https://twitter.com/bkksomchai,others
https://twitter.com/bluejayhunter,others
https://twitter.com/coachjimleavitt,others
https://twitter.com/ems1,others
https://twitter.com/femalebibie/status/571540337165930499,others
https://twitter.com/hawaiiwvb,others
https://twitter.com/hubspot,others
https://twitter.com/iammikecannon,others
https://twitter.com/invisalign,others
https://twitter.com/lebeaucarnews,others
https://twitter.com/michael_stets,others
https://twitter.com/olivegarden,others
https://twitter.com/tamarcrossing/status/918144265716469762,others
https://twitter.com/thechainsmokers,others
https://twitter.com/whatsonne,others
https://twitter.com/wufoo,others
https://twitter.com/yasser_aks,others
https://uploadvr.com/borderlands-2-vr-could-come-to-rift-and-vive/,article
https://us.webnode.com/,others
https://varsityvocals.com/events/category/ichsa/,others
https://veganoutdooradventures.com/tag/the-north-face/,article
http://walkthrough-wiki.com/zeldaspirittracks/anouki-village.shtml,others
https://wallstreetinsanity.com/30-things-women-say-and-what-they-really-mean/,others
https://wccftech.com/nvidia-rtx-titan-graphics-card-allegedly-pictured/,article
http://web.mit.edu/12.000/www/m2015/2015/ledc_medc_edcomparison.html,others
https://wikileaks.org/,others
https://wikitravel.org/en/Cinque_Terre,others
https://wol.jw.org/en/wol/dt/r1/lp-e,others
https://wordpandit.com/profit-and-loss-problems/,article
https://wsucougars.com/news/2018/9/22/football-cougars-fall-at-usc-39-36.aspx,article
https://www.12up.com/posts/6231727-video-baker-mayfield-blasts-hue-jackson-for-jumping-to-cincinnati-in-postgame-interview,article
https://www.5dimes.mobi/,others
https://www.5miles.com/item/XWB6r4650vzgmxb2/sports-outdoors-2-seater-youth-go-kart,others
https://www.aafp.org/afp/2011/1101/p1003.html,article
https://www.abc.net.au/triplej/programs/lunch/url-segment/10570430,article
http://www.addforums.com/forums/showthread.php?t=55734,others
https://www.airlive.net/live/,others
https://www.ajc.com/sports/college-football/how-watch-listen-georgia-game-the-rose-bowl-monday/4U2AFHmq2zUZpszTeIpZiJ/,article
https://www.allergyeats.com/ihop-flops/,article
https://www.allmusic.com/artist/talking-heads-mn0000131650/biography,article
https://www.allrecipes.com/recipe/222506/polish-sausage-and-pierogy-haluski/,others
https://www.amazon.co.uk/Dresses-Dearlove-Women/s?ie=UTF8&page=1&rh=n%3A1731351031%2Cp_4%3ADearlove,others
https://www.amazon.co.uk/Fun-Poster-Frame-Wood-Positions/dp/B002ERNIVK,shopping_item
https://www.amazon.com/Best-Sellers-Arts-Crafts-Sewing-Earring-Backs-Findings/zgbs/arts-crafts/3097795011,shopping_item
https://www.amazon.com/Best-Sellers-Arts-Crafts-Sewing-Eyelets-Grommets/zgbs/arts-crafts/8090721011,shopping_item
https://www.amazon.com/Cambridge-English-Schools-Students-answers/dp/1316503526,others
https://www.amazon.com/Chromebook-Dummies-Mark-LaFay/dp/1118951263,shopping_item
https://www.amazon.com/Mikrotik-RB941-2nD-TC-Lite-2-4Ghz-802-11b/dp/B016E93MX2,shopping_item
https://www.amazon.com/Nintendo-Super-Smash-Bros-Ultimate-Controller/dp/B07GW3YK17,shopping_item
https://www.amazon.com/Pyaar-Punchnama-Sunny-Singh-Nijjar/dp/B019CTNLT6,shopping_item
https://www.amazon.com/Rockland-Luggage-Melbourne-Expandable-Carry/dp/B004HKY8DO,shopping_item
https://www.amazon.com/Sitting-Puma-9-5-by-Hansa/dp/B000RI5KDC,shopping_item
https://www.amazon.com/Sorel-Womens-Joan-Arctic-Wedge/dp/B078H9J496,shopping_item
https://www.amazon.com/Symantec-pcAnywhere-11-5-Host-Remote/dp/B0006DNVWA,shopping_item
https://www.andrerieu.com/en/about-andre,others
https://www.andysautosport.com/fuel_door/chevrolet_malibu.html,others
https://www.antalis.co.uk/business/html/search/sample.htm,others
https://www.apartments.com/check-out-the-braemore-building-boston-ma-unit-604/7qt5fkz/,others
https://www.appsapk.com/android/all-apps/,article
https://www.archives.gov/research/guide-fed-records/groups/127.html,others
https://www.archtoolbox.com/store/archtoolbox-bluebeam-tools-and-templates.html,others
https://www.argos.co.uk/product/6093509,others
https://www.ato.gov.au/About-ATO/Contact-us/,others
https://www.autobody101.com/forums/viewtopic.php?f=5&t=1219,others
https://www.axisbank.com/business-banking,others
https://www.azlyrics.com/lyrics/takethat/newday.html,others
https://www.balls.ie/football/irish-player-ratings-10-401210,article
https://www.baptistjax.com/about-us/careers,others
https://www.barclays.co.uk/branch-finder/,others
https://www.bbc.co.uk/news/uk-england-london-46411792,article
https://www.bbc.com/hausa/media/photogalleries,others
https://www.bbc.com/news/entertainment-arts-41023864,article
https://www.beachpeabaking.com/,others
https://www.beeradvocate.com/beer/profile/281/767/,others
https://www.bettycrocker.com/products/dessert-decorating-products/sprinkles/betty-crocker-green-sugar-decorating-decors,others
https://www.bettycrocker.com/recipes/3-ingredient-apple-dump-cake/762d0144-9aa5-402a-bcd5-bc83ac79a391,others
https://www.billhowe.com/contact-us/,others
https://www.bjsrestaurants.com/locations/ca/outlets-at-orange,others
https://www.bladderandbowel.org/help-information/just-cant-wait-card/,others
https://www.bodybuilding.com/store/univ/gain.html,others
https://www.bollywoodlife.com/movies/singh-is-kinng/,others
https://www.bollywoodshaadis.com/articles/drashti-dhami-reacts-to-her-pregnancy-rumours-7255,article
http://www.bom.gov.au/products/IDR282.shtml,others
https://www.booking.com/hotel/my/shangri-la-s-rasa-sayang-resort-spa.html,others
https://www.bradsdeals.com/coupons/expedia,others
https://www.brandsmartusa.com/whirlpool/183266/30+electric+smooth+top+range.htm,others
https://www.brides.com/story/kylie-jenner-travis-scott-birthday-message,article
https://www.brisbanetimes.com.au/politics/queensland/last-minute-exemption-to-save-brisbane-scooter-riders-from-hefty-fines-20181115-p50g6u.html,article
https://www.brownthomas.com/sale/,article
http://www.buloxpower.com/,others
https://www.business-standard.com/article/companies/the-promise-of-bigger-screen-presence-117111600114_1.html,article
https://www.businessinsider.com/macbook-air-2018-review-2018-11,article
https://www.businessinsider.com/winter-olympics-2018-first-winter-olympics-2018-2,article
https://www.buzzfeed.com/elenamgarcia/gifts-for-the-person-who-has-everything,article
https://www.canon.co.uk/lenses/lens-type/,others
https://www.canopygrowth.com/products/,others
https://www.careerride.com/view/india-versus-bharat-two-different-communities-12406.aspx,article
http://www.careers.marriott.com/marriott-hotels-careers/,others
https://www.carsforsale.com/1973-chevrolet-monte-carlo-for-sale-C1061702,article
https://www.cbssports.com/college-football/news/jj-watts-gamble-to-change-position-and-walk-on-at-wisconsin-paid-off/,article
https://www.cbssports.com/mobile,others
https://www.cfa.vic.gov.au/plan-prepare/false-alarms,others
https://www.cfr.org/backgrounder/mercosur-south-americas-fractious-trade-bloc,article
https://www.chapters.indigo.ca/en-ca/books/search/?keywords=backroads+of+ontario,others
https://www.chicagotribune.com/business/ct-kmart-layaway-debacle-1218-biz-20141218-story.html,article
https://www.chiefs.com/team/coaches-roster/andy-reid,others
https://www.chiefs.com/team/history/uniforms,others
https://www.chowhound.com/post/enjoy-food-compromised-sense-smell-976023,article
https://www.chowhound.com/post/long-thawed-turkey-sit-fridge-879495,others
https://www.cibc.com/en/special-offers.html,others
https://www.clark.com.au/products/bathroom/mixer-taps/round-pin-wall-mixer---chrome,others
https://www.cnn.com/travel/article/perth-things-to-do/index.html,article
https://www.collinsdictionary.com/dictionary/english/potentate,others
https://www.comicsands.com/a-scene-from-how-the-grinch-stole-christmas-starring-jim-carrey-has-become-the-perfect-meme-2621263670.html,article
https://www.comingsoon.net/tv/news/1009829-sweet-tooth-ordered-by-hulu,article
https://www.comparethemarket.com/income-protection-insurance/,others
https://www.contracostamosquito.com/brown_recluse_article.htm,article
https://www.convertunits.com/dates/daysfromnow/120,others
https://www.cosmopolitan.com/entertainment/a25234528/tekashi-6ix9ine-arrested-life-in-prison/,article
https://www.coupons.com/coupon-codes/hm.com/,others
https://www.covermymeds.com/signup,others
https://www.csc.gov.sg/articles/integrity-fundamentals-for-singapore's-governance-success,article
https://www.dailymail.co.uk/tvshowbiz/article-6422041/Strictly-Come-Dancings-Joe-Sugg-Dianne-Buswell-fuel-dating-rumours.html,article
https://www.daraz.pk/toys-games/,others
https://www.davinadiaries.com/davina-diaries-fiction-hamzas-desire-s1-eps-one/,others
https://www.dccomics.com/talent/otto-schmidt,others
https://www.dealnews.com/features/when-is-the-ralph-lauren-private-sale/,article
https://www.decolar.com/promocoes/passagens-aereas-relampago/,others
https://www.delish.com/food-news/a25320570/costco-personal-chocolate-lava-cakes/,others
https://www.designboom.com/architecture/kenta-eta-house-usuki-japan-sloped-roof-11-22-2018/,article
https://www.designindaba.com/articles/creative-work/biovessel-odourless-compost-bin-dinner-table,article
https://www.desiringgod.org/interviews/should-christians-swear-on-the-bible,article
https://www.detroitnews.com/story/business/autos/ford/2018/11/28/ford-shuffle-hourly-workers-meet-suv-demand/2138319002/,article
https://www.dictionary.com/browse/collegial,others
https://www.directenergy.com/texas/customer-support,others
https://www.discogs.com/Elton-John-Blue-Moves/release/1150854,others
https://www.discogs.com/The-Overlords-Gods-Eye/release/2155148,others
https://www.diynatural.com/how-to-keep-a-christmas-tree-fresh/,article
https://www.dogsnow.com/staffordshirebullterriermichigan.htm,others
https://www.domain.com.au/news/six-in-ten-asian-born-australians-experience-racism-in-accessing-housing-survey-finds-787967/,article
https://www.dreamstime.com/photos-images/noise-pollution.html,others
http://www.drewexcavation.com/,others
https://www.dronezon.com/learn-about-drones-quadcopters/what-is-drone-technology-or-how-does-drone-technology-work/,article
https://www.dublinlive.ie/whats-on/whats-on-news/late-late-toy-show-2018-15437422,article
https://www.dvdplanetstore.pk/shop/thriller/only-for-one-night-2016/,others
https://www.dw.com/en/world-chess-championship-carlsen-and-caruana-go-to-tie-break-after-a-dozen-draws/a-46460881,article
https://www.ebay.ca/sch/i.html?_sacat=0&_nkw=sansui+z9000,others
https://www.ebay.co.uk/b/Mens-Fur-Lined-Hoodie-in-Mens-Coats-Jackets/57988/bn_7023056547,others
https://www.ebay.com/b/bebe-Womens-Wedge-Heels/55793/bn_863488,shopping_item
https://www.ebay.com/b/Gucci-Mens-Jeans/11483/bn_700532,others
https://www.ebgames.ca/Switch/Games/751473,others
https://www.elpasotimes.com/story/opinion/2018/09/12/better-lighting-neighborhoods-needed-reader/1281806002/,article
https://www.epicureancs.com/outlet/,others
https://www.etonline.com/devin-lima-lfo-singer-dead-at-41-114309,article
https://www.etsy.com/market/uk_shop,others
https://www.eventbrite.com/d/ca--sacramento/craft-fair/,others
https://www.expedia.com/Harrisburg-Hershey-Hotels-Hampton-Inn-By-Hilton-Harrisburg-West.h20891.Hotel-Information,others
https://www.expertise.com/dc/washington/upholstery,others
https://www.express.co.uk/entertainment/gaming/1025381/PlayStation-Mini-games-list-Sony-PSOne-stock-sale,article
https://www.expressandstar.com/sport/football/wolverhampton-wanderers-fc/,others
https://www.extremeterrain.com/black-jeep-wrangler-wheels.html,others
https://www.facebook.com/BUSPH/,others
https://www.facebook.com/nspcc/posts/theres-not-long-left-to-create-an-nspcc-letter-from-santa-and-make-christmas-mag/126681297490542/,article
https://www.facebook.com/pages/Healing-Palm-Spa/427347424056404,article
https://www.facebook.com/Projecthealthandfitness/,others
https://www.facebook.com/public/Ray-Watts,article
https://www.facebook.com/Santhosh-subramaniyam-207516945926585/,others
https://www.facebook.com/surreylibraries/,others
https://www.facebook.com/TheCarpenters/,others
https://www.facebook.com/walmart20offcoupon/,others
https://www.facebook.com/wanderlustXNYC/,others
https://www.famousbirthdays.com/horoscope/july9.html,others
https://www.famousbirthdays.com/people/charlie-sheen.html,others
https://www.farmtrader.co.nz/search/type-machinery+attachments/subtype-slashers/make-fieldmaster,others
https://www.fidelity.com/learning-center/investment-products/fixed-income-bonds/bond-prices-rates-yields,article
https://www.filmfare.com/news/bollywood/filmfarezayn-malik-shares-a-cover-of-salman-khans-allah-duhai-hai-from-race-3_-31302.html,article
https://www.filmibeat.com/bollywood/gupshup/2007/dhoni-deepika-affair-261007.html,article
https://www.firstpost.com/firstcricket/sports-news/pakistan-vs-new-zealand-highlights-2nd-test-at-dubai-day-4-full-cricket-score-hosts-win-by-an-innings-and-16-runs-5623381.html,article
https://www.firstpost.com/world/donald-trump-defends-ivanka-trump-personal-email-use-but-nobodys-buying-the-story-the-irony-is-just-too-much-5587391.html,article
https://www.fitbit.com/store,others
https://www.flights.com/airlines/caribbean-airlines-flights/,others
https://www.flightview.com/airport/ATL-Atlanta-GA/,others
https://www.footprintsrecruiting.com/teach-english-japan,others
https://www.forbes.com/sites/janetwburns/2018/07/15/amazon-boycott-unites-workers-gamers-shoppers-for-prime-day-protest/,article
https://www.forbes.com/sites/scottmendelson/2018/11/24/box-office-fantastic-beasts-2-misses-100m-with-12m-friday-grinch-earns-11-6m/,article
https://www.forrent.com/find/NY/metro-Albany/Delmar,others
https://www.freeroms.com/roms/genesis/crystal's_pony_tale.htm,others
https://www.frontrange.edu/programs-and-courses/a-z-program-list/emergency-medical-services-emt,article
https://www.fsis.usda.gov/wps/portal/fsis/topics/recalls-and-public-health-alerts/recall-case-archive/archive/2018/recall-112-2018-release,others
https://www.ftr.irctc.co.in/,others
https://www.fundoodata.com/companies-detail/Dr-SPM-Civil-Hospital/141966.html,others
https://www.gallaudet.edu/student-affairs/student-handbook/alcohol-and-other-drugs-abuse-resources-on-and-off-campus,others
https://www.gamulator.com/roms/nintendo-ds,others
http://www.garibaldispizza.com/menu.html,others
http://www.gingerbeardman.com/archive/pang/places.htm,others
https://www.girlswithmuscle.com/pictures/alex+mossbarger,others
https://www.glamour.com/story/where-are-they-now-the-cast-of-2,article
https://www.globalmediainsight.com/blog/uae-population-statistics/,article
https://www.gnc.com/vitamins-supplements/,others
https://www.go-parts.com/volkswagen-jetta-mirrors.html,others
https://www.goal.com/en-gh/news/ethiopia-v-ghana-kick-off-tv-channel-squad-news-preview/11zjc0kho73bv1b6pfq3fjwweu,article
https://www.gohawaii.com/islands/kauai/accommodations,others
https://www.goodhousekeeping.com/food-recipes/easy/g871/quick-breakfasts/,others
http://www.google.com/doodles/turkey-national-day-2016,others
https://www.gotravelyourway.com/routes/airbus-a380-routes/,others
https://www.gq.com/gallery/winter-weather-shoes-boots,others
https://www.grubhub.com/delivery/az-tempe/soup,others
https://www.grubhub.com/delivery/dish/julienne_salad,others
https://www.harpersbazaar.com/celebrity/latest/a24061877/meghan-markle-kate-middleton-twin-style-royal-tour-australia/,article
https://www.havaneseforum.com/6-general-discussion/571-how-did-your-first-night-go-your-new-puppy.html,others
https://www.hcrcnow.com/shop/seals-misc-parts,others
https://www.healthcare4ppl.com/supplier/tennessee/johnson-city/mooney-s-home-medical-equipment-58408.html,others
https://www.healthdirect.gov.au/australian-health-services/20123654/angela-lamesa-podiatrist/services/essendon-3040-buckley,others
https://www.healthline.com/health/leukocytes-in-urine,article
https://www.healthline.com/human-body-maps/brachialis-muscle,others
https://www.heart.org/en/health-topics/arrhythmia/about-arrhythmia/bradycardia--slow-heart-rate,article
https://www.her.ie/music/review-michael-buble-at-the-o2-dublin-32524,article
https://www.hindustantimes.com/india-news/rahul-my-captain-sidhu-takes-dig-at-amarinder-for-opposing-kartarpur-visit/story-7ojvMSyC9S27oshFSgI3DP.html,article
https://www.hitc.com/en-gb/2018/11/20/sebastien-haller-responds-to-newcastle-and-spurs-rumours/,article
https://www.homebargains.co.uk/products/2083-canvas-deep-edge-80-x-30cm-case-of-6.aspx,others
https://www.homedepot.com/b/Storage-Organization-Moving-Supplies-Hand-Trucks/N-5yc1vZchn9,others
https://www.honorhealth.com/locations/primary-care/honorhealth-medical-group-dynamite,others
https://www.hotels.com/nh1645683/hotels-in-namba-osaka-japan/,others
https://www.hotnewhiphop.com/billie-eilish-ushers-in-the-holiday-season-with-come-out-and-play-new-song.1981146.html,others
https://www.hotnewhiphop.com/top-tracks-lil-wayne-and-xxxtentacions-dont-cry-hits-1-news.61082.html,others
https://www.howtocallabroad.com/saudi-arabia/,article
https://www.htmlgoodies.com/tutorials/web_graphics/the-resolutions-too-low-printing-web-graphics.html,article
https://www.ifixit.com/Answers/View/431781/iPhone+8+lcd+flex+compatible+with+iPhone+7,article
https://www.ikea.com/au/en/catalog/categories/departments/bedroom/19053/,others
https://www.imdb.com/list/ls027219373/,others
https://www.imdb.com/name/nm0318543/,others
https://www.imdb.com/name/nm0425364/,others
https://www.imdb.com/name/nm0504962/,others
https://www.imdb.com/name/nm0751518/bio,others
https://www.imdb.com/name/nm1184676/,others
https://www.imdb.com/name/nm1484151/news,others
https://www.imdb.com/name/nm6034859/,others
https://www.imdb.com/title/tt0025878/,others
https://www.imdb.com/title/tt0053242/reviews,others
https://www.imdb.com/title/tt0384013/,others
https://www.imdb.com/title/tt0494238/,others
https://www.imdb.com/title/tt1213641/mediaindex,others
https://www.imdb.com/title/tt4160708/mediaindex,others
https://www.imdb.com/title/tt6141386/,others
https://www.imdb.com/title/tt6473300/videoplayer/vi2155985433,others
https://www.imdb.com/title/tt8041006/plotsummary,others
https://www.imore.com/these-are-wireless-headsets-work-nintendo-switch,article
https://www.incommunities.co.uk/repair-obligations,others
https://www.indeed.co.za/Hospital-jobs-in-Gauteng,others
https://www.indeed.com/m/jobs?l=New+Orleans%2C+LA,others
https://www.indiamart.com/company/7902998/,others
https://www.indiatoday.in/india/story/american-tourist-killed-on-andaman-island-home-to-uncontacted-peoples-1393013-2018-11-21,article
https://www.instaframes.co.za/,others
https://www.instagram.com/aliciavikanderdaily/,others
https://www.instagram.com/funidelia/,others
https://www.instagram.com/haiifamajicofficial1/,others
https://www.instagram.com/trippieredd/,others
https://www.instyle.com/how-tos/how-to-find-best-dress-by-body-type,article
https://www.interflora.co.uk/flowers-florists-delivery-collier-row/town/,others
https://www.irishexaminer.com/lifestyle/healthandlife/naturalmedicine/natural-health-coffee-conundrum-243598.html,article
https://www.irs.gov/businesses/small-businesses-self-employed/tips-on-rental-real-estate-income-deductions-and-recordkeeping,article
https://www.jagranjosh.com/articles/general-awareness-business-awareness-quiz-1334402133-1,others
https://www.jaxgoods.com/brand/carhartt,others
https://www.jdwilliams.co.uk/shop/boots/_/N-1ytjf4a/products/show.action,others
https://www.jove.com/video/57350/enhanced-genome-editing-with-cas9-ribonucleoprotein-diverse-cells,article
https://www.justdial.com/Thiruvananthapuram/Anupama-Medicals-Opposite-Boys-Higher-Secondary-School-Neyyattinkara/0471P471STD2003834_BZDET,others
https://www.kbb.com/ford/crown-victoria/1994/lx-sedan-4d/,others
https://www.key.com/personal/online-banking/mobile-payments.jsp,others
https://www.kicksonfire.com/adidas-crazy-byw-x-pe-wall-way/,article
https://www.kidspot.com.au/parenting/real-life/in-the-news/mum-claims-she-cured-her-babies-eczema-by-bathing-them-in-her-breast-milk/news-story/5cff4095aa6de140c5f72017a8456fb0,article
https://www.kik.com/,others
https://www.kiss925.com/audio/shem-sits-michigan-rapper-nf-single-let/,others
https://www.konagrill.com/reservations,others
https://www.lastminuteassignmenthelp.com/100-good-and-interesting-presentation-topics-for-college-students/,article
https://www.lawcrossing.com/article/5417/Being-a-Sports-Lawyer/,article
https://www.ldoceonline.com/dictionary/cunning,others
https://www.legis.state.pa.us/cfdocs/legis/LI/consCheck.cfm?txtType=HTM&ttl=18&div=0&chpt=51,others
https://www.legislation.nsw.gov.au/#/view/regulation/2014/536,others
https://www.lib.utexas.edu/study-spaces-technology/ufcu,others
https://www.limaohio.com/news/329882/two-new-reps-from-area-heading-to-statehouse,article
https://www.linkedin.com/pulse/firebase-database-security-rules-sachin-gawai,article
https://www.linuxquestions.org/questions/linux-newbie-8/useradd-command-with-p-option-cannot-login-to-new-account-4175506741/,others
https://www.lipstickalley.com/threads/cudda-love-this-yellow-leprechaun-bagged-kelly-teiarra-and-amerie.514056/,others
https://www.livestrong.com/article/292776-one-gram-of-carbohydrates-has-how-many-calories/,article
https://www.loudersound.com/features/the-10-best-faith-no-more-songs-that-may-have-passed-you-by,article
https://www.lunchorsupper.com/,others
https://www.lyrics.com/lyric/30928029/Sia/Big+Girls+Cry,others
https://www.macmillandictionary.com/dictionary/british/invincible,others
https://www.macys.com/shop/featured/master-bedroom-sets,others
https://www.majorexchangerates.com/usd/45-gbp.html,others
https://www.manta.com/c/mm2c413/s-n-t-company,others
https://www.marcus.com/us/en,others
https://www.mathopenref.com/side.html,others
https://www.mathsisfun.com/algebra/line-midpoint.html,others
https://www.mbatuts.com/introduction-human-skill/,others
https://www.mcafeesecure.com/login,others
https://www.mcedit.net/tools.html,others
https://www.medicalnewstoday.com/articles/322896.php,others
https://www.medicinenet.com/hiatal_hernia_overview/article.htm,article
https://www.megabooth.com/eco-event-conscious-lounge/,others
https://www.menupix.com/newjersey/restaurants/3015193/Golden-Gate-Chinese-Toms-River-NJ,others
https://www.merriam-webster.com/dictionary/bad,others
https://www.merriam-webster.com/dictionary/coach,others
https://www.microsoft.com/en-us/p/old-phone-ringtones/9nblggh58k4k,others
https://www.microsoft.com/en-us/p/saints-row/brkb6h11mbds,others
https://www.microsoft.com/en-us/p/sleeping-dogs-definitive-edition/bs2s6b326wjd,others
https://www.militaryfactory.com/aircraft/detail.asp?aircraft_id=236,article
https://www.mindbodygreen.com/0-14958/5-habits-to-get-you-in-shape-quickly.html,article
https://www.mindfood.com/article/promote-social-justice/,article
https://www.minted.com/product/foil-pressed-wedding-invitations/MIN-ZNH-IFS/frosted-branches,others
https://www.mirror.co.uk/tv/tv-news/im-celebrity-2018-hosts-make-13609857,article
https://www.mirror.co.uk/tv/tv-news/mornings-phillip-schofield-told-calm-13647659,article
https://www.mmanews.com/max-holloway-scoffs-at-brian-ortega-being-a-hard-fight/,article
https://www.moneycontrol.com/news/business/markets/ubs-bets-on-ongc-on-crude-price-reversal-share-buyback-sees-57-upside-3202731.html,article
https://www.monitor.co.ug/News/National/Uganda-wins-family-planning-award/688334-4853522-jeq9lgz/index.html,article
https://www.monitor.co.ug/SpecialReports/Buganda-Kingdom-makes-big-strides-25-years-later/688342-4689008-12o9rcc/index.html,article
https://www.motortrend.com/cars/acura/rdx/2019/acura-rdx-2019-suv-of-the-year-finalist/,article
https://www.mrinsta.com/buy-instagram-followers/,others
https://www.msccruisesusa.com/en-us/Cruise-Deals/Future-Cruise-Program.aspx,others
https://www.my-private-network.co.uk/watch-world-snooker-championship-live-online/,others
http://www.mybahrain.net/viewtravelnews.asp?ID=472,article
https://www.mydr.com.au/seniors-health/myasthenia-gravis,others
https://www.mytutor.co.uk/answers/9659/GCSE/Biology/How-is-a-leaf-adapted-for-photosynthesis/,article
https://www.nairaland.com/4453656/aju-mbaise-flatter-post-baby,others
https://www.nairobiwater.co.ke/index.php/en/faq,others
https://www.nap.edu/read/11311/chapter/3,article
https://www.nationalexpress.com/en/help/coach-stations/liverpool,others
https://www.nationalparkstraveler.org/2018/07/restoration-work-moving-forward-scottys-castle-death-valley,article
https://www.nbcnews.com/news/us-news/u-s-military-crisis-could-lose-war-russia-china-report-n936431,article
https://www.ncaa.com/news/football/article/2018-11-13/michigan-football-jim-harbaughs-stubbornness-creativity-ignites,article
https://www.ncbi.nlm.nih.gov/pmc/articles/PMC2732559/,article
https://www.ncbi.nlm.nih.gov/Structure/cdd/cdd.shtml,others
https://www.ndtv.com/india-news/former-union-minister-ck-jaffer-sharief-dies-at-85-in-bengaluru-1953037,article
https://www.ndtv.com/india-news/manmohan-singhs-advice-on-conduct-to-pm-modi-exercise-due-restraint-1953747,article
https://www.netmums.com/coffeehouse/pregnancy-terminations-1161/unplanned-pregnancy-46/480466-20-weeks-pregnant-need-abortion.html,article
https://www.neworleans.com/things-to-do/nightlife/daiquiri-shops/,article
https://www.news18.com/news/india/nios-3rd-d-el-ed-exam-2018-last-day-today-to-pay-admission-fee-for-2nd-year-admission-at-dled-nios-ac-in-1909705.html,article
https://www.noodle.com/questions/qubfb31/how-big-are-college-classes,article
https://www.northgatemall.com/directory/aeropostale/,others
https://www.notimeforflashcards.com/2013/07/50-books-for-2-year-olds.html,article
https://www.nremt.org/rwd/public/document/policy-international,article
https://www.nybooks.com/daily/2018/05/27/foujita-imperial-japan-meets-bohemian-paris/,article
https://www.nyp.edu.sg/current-students.html,others
https://www.nytimes.com/2005/01/09/books/review/sightseeing-babes-in-thailand.html,article
https://www.nytimes.com/2017/07/07/books/review/standard-deviation-katherine-heiny.html,article
https://www.nytimes.com/2018/05/30/arts/television/keri-russell-matthew-rhys-the-americans.html,article
https://www.nytimes.com/search/,others
http://www.ocnj.us/,others
https://www.odellbrewing.com/beer-finder/,others
https://www.osapublishing.org/viewmedia.cfm?uri=oe-15-11-6976&seq=0,others
https://www.otsuka.co.jp/en/health-and-illness/tuberculosis/glossary/,others
https://www.owen-withee.k12.wi.us/,others
https://www.pandoraforbrands.com/,others
https://www.path2college529.com/plan/details.shtml,others
https://www.pcgit.com/accounting/,others
https://www.pearson.com/us/higher-education/product/Kapit-Anatomy-Coloring-Book-The-3rd-Edition/9780805350869.html,others
https://www.peoplefirstcu.org/Tellerphone,others
https://www.phonearena.com/phones/LG-G-Pro-2_id8348,others
https://www.pinterest.com/jheaton495/steyr/,others
https://www.pinterest.com/partyof5plus2/backstagecastmates-gift-ideas-for-nutcracker/,others
https://www.pinterest.com/pin/398357529532094313/,others
https://www.pinterest.com/pin/558376053776167305/,others
https://www.poetry4kids.com/links/poetry-games/,others
https://www.politico.eu/article/brexit-direct-democracy-trouble-with-referendums-eu-leave/,article
https://www.popflexactive.com/collections/accessories,others
http://www.praiseworthyministry.com/,others
https://www.primesport.com/d/big-ten-championship-tickets,others
https://www.prnewswire.com/news-releases/cvs-minuteclinic-to-transition-to-epiccare-electronic-medical-record-246515661.html,article
https://www.profloortips.com/hardwood/painting-wood-floors/,article
https://www.programcreek.com/java-api-examples/?class=java.util.Objects&method=nonNull,article
https://www.prokerala.com/downloads/ringtones/download.php?id=42623,others
https://www.psychologytoday.com/us/blog/ulterior-motives/201809/happiness-and-social-interaction,article
https://www.purplemath.com/modules/logs3.htm,article
http://www.pushsquare.com/news/2018/11/rumour_sony_to_announce_release_dates_for_death_stranding_ghost_of_tsushima_and_dreams_at_the_game_awards,article
https://www.quora.com/How-do-you-download-files-from-Chrome-Straight-to-an-SD-card-on-an-Alcatel-One-Touch,article
https://www.quora.com/What-is-the-full-form-of-NASA-and-ISRO,article
https://www.quora.com/Which-vitamin-is-not-present-in-milk,article
https://www.quora.com/Why-do-many-people-who-are-blind-fans-of-Itachi-compare-him-with-Madara-even-after-knowing-the-hilarious-powers-of-Madara,article
https://www.r-bloggers.com/how-to-plot-points-regression-line-and-residuals/,others
https://www.racingpost.com/news/swansdown-heavily-backed-to-give-luca-cumani-winner-with-final-runner/354798,article
https://www.reddit.com/r/aggies/comments/5tcgmp/what_do_you_guys_use_to_plan_your_class_schedule/,others
https://www.reddit.com/r/Artifact/comments/82nagd/why_people_are_talking_about_closed_beta_being/,others
https://www.reddit.com/r/AskReddit/comments/2ajpcn/if_you_could_make_one_new_law_what_would_it_be/,others
https://www.reddit.com/r/CardsandCastlesCCG/comments/704cu6/upcoming_feature_deck_ranks/,others
https://www.reddit.com/r/DeFranco/comments/5qdwad/crea_tyler_scam/,others
https://www.reddit.com/r/fatFIRE/,others
https://www.reddit.com/r/GooglePixel/comments/9qeqa0/free_verizon_pixel_stand/,others
https://www.reddit.com/r/magicTCG/comments/5q6hfc/dark_sphere_london_lgs_reviews/,others
https://www.reddit.com/r/MerchantRPG/comments/3vxuee/psa_equip_thief_knife_for_easier_skull_farming/,others
https://www.reddit.com/r/nfl/comments/a1yt22/graziano_the_chiefs_have_released_kareem_hunt/,others
https://www.reddit.com/r/Toastmasters/comments/9hwpbt/how_does_everyone_feel_about_the_pathways_program/,others
https://www.reddit.com/r/Windows10/comments/3cxvqw/help_multiple_monitors_and_sticky_corners_how_can/,others
https://www.reddit.com/r/wow/comments/980spz/bfa_in_a_nuthshell/,others
https://www.reddit.com/r/Yassuo/,others
https://www.redfin.com/IL/Hoffman-Estates/1730-Pierce-Rd-60169/home/13744064,others
https://www.refluxmd.com/acid-reflux-recipe-grilled-chicken-breasts/,others
https://www.researchgate.net/post/NanoDrop_export_of_raw_data,others
https://www.residentadvisor.net/dj/murmur,others
http://www.revelist.com/celebrity/mel-b-zac-efron-penis/14081,article
https://www.riftherald.com/lol-patch-notes/2016/10/18/13321482/loading-indicator-league-of-legends-changes,article
https://www.rollingstone.com/music/music-news/mike-will-made-it-dido-betty-who-eric-church-youtube-music-758863/,article
https://www.rollingstone.com/politics/politics-features/justin-trudeau-the-north-star-194313/,article
https://www.romper.com/p/is-vinson-filyaw-still-in-jail-he-was-arrested-for-kidnapping-elizabeth-shoaf-9188716,article
https://www.royal.uk/royal-family,others
http://www.royalstaraero.co.uk/cennokb737,others
http://www.rrbcdg.gov.in/CDG-photo-modification.html,others
https://www.rte.ie/entertainment/2018/1201/1014492-late-late-show-toy-show/,article
https://www.runehq.com/oldschoolquest/ernest-the-chicken,others
https://www.runehq.com/oldschoolquest/shield-of-arrav,others
https://www.samsung.com/ph/support/model/SM-N950FZKDXTC/,others
http://www.sarand.com/contactUs.php,others
http://www.satavahana.ac.in/ImportantVisitors.aspx,others
https://www.saturdaydownsouth.com/tennessee-football/tennessee-vanderbilt-volunteers-commodores-important-crossroads-2018/,article
https://www.sberbank.ch/structured-finance,others
https://www.schoolguide.co.uk/schools/the-campion-school-hornchurch,others
https://www.schuh.co.uk/womens/converse-chuck-taylor-all-star-craft-ox-white-and-gold-trainers/1924251960/,others
https://www.sciencedirect.com/science/article/pii/S0065240714000020,others
https://www.scmp.com/news/china/article/1432508/changing-guangzhous-name-canton-will-raise-citys-international-profile,article
https://www.shmoop.com/no-exit/summary.html,article
https://www.sidebysideutvparts.com/category/14-inch-wheel-30-inch-tire-packages.html,others
https://www.skiddle.com/whats-on/Brighton/The-Garden-Bar/Speed-Dating-38-50-age-guideline-/13095562/,others
https://www.skyscanner.net/media/cookie-policy,others
https://www.slideshare.net/Beybcel/print-media-23710522,others
https://www.sofascore.com/iraq-iran/qVbsrVb,others
https://www.sony-asia.com/electronics/support/e-mount-body-ilce-7-series/ilce-7rm3,others
https://www.sparknotes.com/lit/nativeson/,others
https://www.spectrum.com/locations/fl/saint-petersburg/233-31st-st-n,others
https://www.splendidtable.org/recipes/southwestern-salmon-tacos-with-chipotle-sour-cream,others
https://www.sportskeeda.com/kabaddi,others
https://www.sportskeeda.com/team/india-national-cricket-team,others
https://www.stage3motorsports.com/50373-F250-2017-F250-F350-Morimoto-XB-LED-Replacement-Projector-Fog-Lights.html,others
https://www.starbucks.com/store-locator/store/13746/broad-bowe-1500-broad-street-richmond-va-232203050-us,others
https://www.stcharlesparishboardman.com/home/staff,others
http://www.stempublishing.com/authors/JL_Harris/JLH_Jewish_Bondage5.html,article
https://www.stlouis-mo.gov/,others
https://www.stokesentinel.co.uk/sport/football/football-news/stoke-city-arsenal-kitson-ramsey-2276936,others
https://www.sunwing.ca/en/cruise-travel/ship-detail/ncl-bliss,others
https://www.target.com/gift-registry/kids-wish-list,others
https://www.tateossian.com/tatusd/cufflinks/view-all,others
https://www.team-bhp.com/forum/motorbikes/141180-my-tryst-orange-ktm-duke-390-a.html,others
https://www.team-bhp.com/forum/technical-stuff/5331-wind-noise-aerodynamic-noise.html,others
https://www.techradar.com/reviews/fitbit-versa-review,article
https://www.telegraph.co.uk/music/artists/john-lennons-lifeline-beatles-fans-learnt-love-yoko-ono/,article
https://www.telegraph.co.uk/politics/2018/11/22/remainers-cant-handle-truth-eu/,article
https://www.telegraph.co.uk/tv/2018/11/19/celebrity-get-review-holly-willoughby-has-difficult-debut-harry/,article
https://www.telegraph.co.uk/vouchercodes,others
https://www.tenforums.com/tutorials/8933-optimize-defrag-drives-windows-10-a.html,article
https://www.tesco.com/groceries/en-GB/products/265431356,others
https://www.the-scientist.com/daily-news/genetic-roots-of-the-ashkenazi-jews-38580,article
https://www.thebalance.com/how-medical-bills-affect-your-credit-report-4164507,article
https://www.thebalance.com/the-hud-1-settlement-statement-1797890,article
https://www.thebalancecareers.com/top-lgbtq-jobs-2059651,others
https://www.thebump.com/a/breastfeeding-positions-tips,article
https://www.thecookierookie.com/fudge-brownie-pie-recipe/,article
https://www.thefamouspeople.com/profiles/cheyenne-brando-42241.php,others
https://www.theguardian.com/film/2017/may/07/alien-covenant-review-ridley-scott-michael-fassbender-katherine-waterston-prometheus,article
https://www.theguardian.com/lifeandstyle/2018/nov/20/eccentric-women-why-they-are-more-important-than-ever-in-our-oppressive-era,article
https://www.theguardian.com/music/2015/may/28/jamie-xx-smith-solo-debut-album-in-colour,article
https://www.theguardian.com/us-news/2017/oct/22/all-five-living-former-us-presidents-make-rare-appearance-together,article
https://www.thehindu.com/news/cities/bangalore/bengaluru-to-have-indias-first-heli-taxi-service/article19426982.ece,article
https://www.theifod.com/glass-is-amazing/,article
https://www.theinfatuation.com/new-york/reviews/sakagura,others
https://www.thekitchn.com/how-to-make-buffalo-wings-in-the-oven-cooking-lessons-from-the-kitchn-211577,article
https://www.themanual.com/grooming/best-reef-safe-sunscreen/,others
https://www.thesaurus.com/browse/tush,others
https://www.thespruceeats.com/thanksgiving-roast-turkey-recipe-1809378,others
https://www.thetoptens.com/greatest-men/,others
https://www.thetruckersreport.com/truckingindustryforum/threads/powder-train-companies-in-socal.145593/,others
https://www.theverge.com/2016/5/3/11566430/giphy-keys-ios-keyboard-app-launches,article
https://www.theweathernetwork.com/us/last-24-hours/georgia/atlanta,others
https://www.theyworkforyou.com/mp/25638/fiona_onasanya/peterborough,others
https://www.thoughtco.com/history-of-the-internet-1992007,article
https://www.thoughtco.com/zelda-fitzgerald-quotes-3525405,article
https://www.tiffanylamps.com/tiffany-table-lamps.html,others
https://www.timesnownews.com/sports/cricket/article/indian-great-kapil-dev-explains-what-makes-captain-virat-kohli-a-special-player/316364,article
https://www.tippecanoe.in.gov/905/Inmate-Funds,others
https://www.topuniversities.com/where-to-study/europe/germany/study-germany-frequently-asked-questions,article
https://www.transfermarkt.com/fc-bayern-munchen/kader/verein/27,others
https://www.trendrr.net/10583/richest-kannada-actors-sandalwood-famous-handsome-salary-net-worth/,others
https://www.tripadvisor.com/ShowUserReviews-g1017071-d2248116-r241524796-Changbaishan_Tianchi-Baishan_Jilin.html,others
https://www.tripadvisor.com.ph/Restaurants-g1036817-zfd10907-Panglao_Island_Bohol_Province_Visayas-Hamburger.html,others
https://www.tripadvisor.in/Attraction_Review-g608472-d4138642-Reviews-Almatti_Dam-Bijapur_Bijapur_District_Chhattisgarh.html,others
https://www.tripoto.com/tourist-map-of/Mawlynnong,others
https://www.tvguide.com/tvshows/blood-and-water/episodes/873142/,others
https://www.umr.com/,others
https://www.unibet.eu/livecasino,article
https://www.usanetwork.com/thesinner/cast,others
https://www.usgs.gov/faqs/can-you-predict-earthquakes,others
https://www.usnews.com/best-colleges/salve-regina-university-3411,others
https://www.vanguardngr.com/2014/01/nobody-will-tell-lesbianism-sodomy/,article
https://www.vanguardngr.com/2018/11/2019-buhari-apc-unperturbed-by-u-s-plan-to-restore-atikus-visa-but-lai-mohammed/,article
https://www.vedantu.com/cbse/important-questions-class-9-maths-chapter-6,article
https://www.versuri-lyrics.info/pissed-saweetie-lyrics/,others
https://www.verywellfit.com/how-to-start-running-the-absolute-beginners-guide-2911191,article
https://www.virtualmin.com/node/32738,others
https://www.visitlondon.com/traveller-information/getting-around-london/london-tube,article
https://www.vocabulary.com/dictionary/divert,others
https://www.voot.com/shows/laxmi-sadaiv-mangalam-marathi-/1/602469,others
https://www.vulture.com/2018/10/tekashi69-no-jail-time-four-years-probation.html,article
https://www.w3schools.com/howto/howto_js_sidenav.asp,article
https://www.w3schools.com/tags/canvas_clip.asp,article
https://www.walmart.com/browse/home/curtains/4044_133012_539105_1521917,others
https://www.walmart.com/ip/Holiday-Time-Pre-Lit-6-5-LED-Color-Changing-Artificial-Christmas-Tree-White-and-Multi-Color-Lights/15118571,others
https://www.weatherbug.com/weather-forecast/now/north-charlotte-nc-28205,others
https://www.webmd.com/back-pain/my-back-went-out-what-do-i-do,article
https://www.webmd.com/heart-disease/heart-failure/qa/what-is-a-stress-echocardiogram,others
https://www.weddingwire.com/biz/panini-catering-by-java-coast-memphis/fa5a1de59e5a2136.html,others
https://www.wedogaragedoors.com/select-right-garage-door-color/,article
https://www.westminsterkennelclub.org/german-shepherd-wins-141st-westminster-kennel-club-dog-show,article
https://www.westviamidwest.com/oven-baked-beef-ribs-recipe/,article
https://www.whattoexpect.com/pregnancy/c-section-scars,article
https://www.wheels24.co.za/News/Guides_and_Lists/watch-crash-tests-zero-star-cars-in-sa-how-safe-is-your-vehicle-on-the-road-20181127,article
https://www.whufc.com/news/articles/2017/june/29-june/west-ham-united-crest-through-years,article
https://www.wikihow.com/Convert-Text-to-PDF,others
https://www.wikihow.com/Create-a-SQL-Server-Database,others
https://www.wildwood-fl.gov/,others
https://www.wired.co.uk/article/facebook-hack-data-breach-news-what-to-do,article
https://www.wishgoodmorning.org/pictures/good-morning-wishes-on-friday/,article
https://www.wkbw.com/sports/bills/joe-b-5-things-to-watch-for-in-buffalo-bills-vs-miami-dolphins-12_2_18,article
https://www.wordhippo.com/what-is/the/italian-word-for-perfume.html,others
https://www.wow4u.com/angel-quotes/,others
https://www.wral.com/tommy-rowles-bartender-to-the-prominent-and-others-dies-at-78/18014251/,article
https://www.wtva.com/about/contact/,others
https://www.wwe.com/shows/wwenxt/2018-11-14,article
https://www.wyso.org/post/craigslist-shuts-down-personals-section-after-congress-passes-bill-trafficking,article
https://www.yahoo.com/lifestyle/minneapolis-police-officer-put-racist-christmas-tree-decorations-will-fired-183728339.html,article
https://www.yamaha-motor.eu/gb/en/products/motorcycles/supersport/,others
https://www.youtube.com/channel/UCt-EDTvqBd8ZRNe0Mfzv42Q,others
https://www.youtube.com/channel/UCXkyUy3I9G7YQK5rkv5RK_g,others
https://www.youtube.com/user/AFFSuzukiCup,others
https://www.youtube.com/watch?v=jMtT_tPl_F0,article
https://www.youtube.com/watch?v=NnwFQBtKpHs,article
https://www.youtube.com/watch?v=vP0AIt97r3A,article
https://www.youtube.com/watch?v=XjZJHsYIj2w,article
https://www.youtube.com/watch?v=y4f9y1Wbgq8,article
https://www.youtube.com/watch?v=yUlmZwwCpn0,article
https://www.youtube.com/watch?v=zDRh1sOamc8,article
https://www.yt-industries.com/en/detail/index/sArticle/1944,others
https://www.zikoko.com/people/what-you-didnt-know-about-tosyn-bucknor/,article
https://www.zillow.com/marietta-ga/luxury-homes/,others
https://www.zillow.com/moose-wilson-road-wilson-wy/,others
https://www.zoo.com/quiz/can-we-guess-which-state-you-grew,others
https://www.zwilling.ca/category/kitchen/kitchen-knives/shop-category-knives/,others
https://www2.deloitte.com/za/en/pages/risk/articles/quality-assurance-reviews.html,article
https://yegvote.taprootedmonton.ca/2017/disclosures,others
